DATE,UNEMPB4,UNEMPB3,UNEMPB2,UNEMPB1,UNEMPF0,UNEMPF1,UNEMPF2,UNEMPF3,UNEMPF4,UNEMPF5,UNEMPF6,UNEMPF7,UNEMPF8,UNEMPF9,GBdate
1967.1,3.8,3.8,3.8,3.7,3.8,4.1,#N/A,#N/A,#N/A,#N/A,#N/A,#N/A,#N/A,#N/A,19670329
1967.2,3.8,3.8,3.7,3.7,4,4.1,#N/A,#N/A,#N/A,#N/A,#N/A,#N/A,#N/A,#N/A,19670426
1967.2,3.8,3.8,3.7,3.7,3.9,4,#N/A,#N/A,#N/A,#N/A,#N/A,#N/A,#N/A,#N/A,19670517
1967.2,3.8,3.8,3.7,3.7,3.9,3.9,#N/A,#N/A,#N/A,#N/A,#N/A,#N/A,#N/A,#N/A,19670614
1967.3,3.8,3.7,3.7,3.8,3.9,#N/A,#N/A,#N/A,#N/A,#N/A,#N/A,#N/A,#N/A,#N/A,19670717
1967.3,3.8,3.7,3.7,3.8,3.9,3.8,#N/A,#N/A,#N/A,#N/A,#N/A,#N/A,#N/A,#N/A,19670809
1967.3,3.8,3.7,3.7,3.8,3.8,3.6,#N/A,#N/A,#N/A,#N/A,#N/A,#N/A,#N/A,#N/A,19670907
1967.3,3.8,3.7,3.7,3.8,3.8,3.6,#N/A,#N/A,#N/A,#N/A,#N/A,#N/A,#N/A,#N/A,19670927
1967.4,3.7,3.7,3.8,3.9,3.8,#N/A,#N/A,#N/A,#N/A,#N/A,#N/A,#N/A,#N/A,#N/A,19671018
1967.4,3.7,3.7,3.8,3.9,4,#N/A,#N/A,#N/A,#N/A,#N/A,#N/A,#N/A,#N/A,#N/A,19671108
1967.4,3.7,3.7,3.8,3.9,4,3.8,#N/A,#N/A,#N/A,#N/A,#N/A,#N/A,#N/A,#N/A,19671206
1968.1,3.7,3.8,3.9,4,3.8,#N/A,#N/A,#N/A,#N/A,#N/A,#N/A,#N/A,#N/A,#N/A,19680104
1968.1,3.7,3.8,3.9,4,3.7,#N/A,#N/A,#N/A,#N/A,#N/A,#N/A,#N/A,#N/A,#N/A,19680131
1968.1,#N/A,#N/A,#N/A,#N/A,3.7,3.6,3.8,3.8,#N/A,#N/A,#N/A,#N/A,#N/A,#N/A,19680206
1968.1,3.7,3.8,3.9,3.8,3.6,3.6,#N/A,#N/A,#N/A,#N/A,#N/A,#N/A,#N/A,#N/A,19680228
1968.1,3.7,3.8,3.9,3.9,3.6,3.6,#N/A,#N/A,#N/A,#N/A,#N/A,#N/A,#N/A,#N/A,19680327
1968.2,3.8,3.9,3.9,3.6,3.5,#N/A,#N/A,#N/A,#N/A,#N/A,#N/A,#N/A,#N/A,#N/A,19680424
1968.2,3.8,3.9,3.9,3.6,3.5,#N/A,#N/A,#N/A,#N/A,#N/A,#N/A,#N/A,#N/A,#N/A,19680522
1968.2,3.8,3.9,3.9,3.6,3.5,3.7,#N/A,#N/A,#N/A,#N/A,#N/A,#N/A,#N/A,#N/A,19680612
1968.3,3.9,3.9,3.6,3.6,3.8,#N/A,#N/A,#N/A,#N/A,#N/A,#N/A,#N/A,#N/A,#N/A,19680710
1968.3,3.9,3.9,3.6,3.6,3.8,4,#N/A,#N/A,#N/A,#N/A,#N/A,#N/A,#N/A,#N/A,19680807
1968.3,3.9,3.9,3.6,3.6,3.7,4,#N/A,#N/A,#N/A,#N/A,#N/A,#N/A,#N/A,#N/A,19680904
1968.4,3.9,3.6,3.6,3.6,3.9,#N/A,#N/A,#N/A,#N/A,#N/A,#N/A,#N/A,#N/A,#N/A,19681002
1968.4,3.9,3.6,3.6,3.6,3.8,#N/A,#N/A,#N/A,#N/A,#N/A,#N/A,#N/A,#N/A,#N/A,19681023
1968.4,#N/A,3.6,3.6,3.6,3.7,3.9,4.1,#N/A,#N/A,#N/A,#N/A,#N/A,#N/A,#N/A,19681120
1968.4,#N/A,3.6,3.6,3.6,3.5,3.7,3.9,#N/A,#N/A,#N/A,#N/A,#N/A,#N/A,#N/A,19681211
1969.1,3.6,3.6,3.6,3.4,3.6,3.9,#N/A,#N/A,#N/A,#N/A,#N/A,#N/A,#N/A,#N/A,19690108
1969.1,3.6,3.6,3.6,3.4,3.6,3.8,#N/A,#N/A,#N/A,#N/A,#N/A,#N/A,#N/A,#N/A,19690129
1969.1,#N/A,#N/A,3.6,3.4,3.5,3.8,4,4.2,#N/A,#N/A,#N/A,#N/A,#N/A,#N/A,19690226
1969.1,#N/A,#N/A,3.6,3.4,3.3,3.5,3.7,3.8,#N/A,#N/A,#N/A,#N/A,#N/A,#N/A,19690326
1969.2,#N/A,3.6,3.4,3.3,3.4,3.6,3.8,#N/A,#N/A,#N/A,#N/A,#N/A,#N/A,#N/A,19690423
1969.2,#N/A,3.6,3.4,3.3,3.5,3.6,3.8,#N/A,#N/A,#N/A,#N/A,#N/A,#N/A,#N/A,19690521
1969.2,#N/A,3.6,3.4,3.3,3.5,3.7,3.9,#N/A,#N/A,#N/A,#N/A,#N/A,#N/A,#N/A,19690618
1969.3,#N/A,#N/A,3.3,3.5,3.6,3.9,4.1,4.5,#N/A,#N/A,#N/A,#N/A,#N/A,#N/A,19690709
1969.3,#N/A,#N/A,3.3,3.5,3.7,3.9,4.1,4.5,#N/A,#N/A,#N/A,#N/A,#N/A,#N/A,19690806
1969.3,#N/A,#N/A,3.3,3.5,3.7,3.9,4.1,4.5,#N/A,#N/A,#N/A,#N/A,#N/A,#N/A,19690904
1969.4,#N/A,3.3,3.5,3.7,3.9,4.2,4.5,#N/A,#N/A,#N/A,#N/A,#N/A,#N/A,#N/A,19691001
1969.4,#N/A,3.3,3.5,3.7,4,4.2,4.5,#N/A,#N/A,#N/A,#N/A,#N/A,#N/A,#N/A,19691022
1969.4,#N/A,#N/A,3.5,3.7,4,4.2,4.5,4.8,5,#N/A,#N/A,#N/A,#N/A,#N/A,19691119
1969.4,#N/A,#N/A,3.5,3.7,3.7,4.1,4.5,4.7,4.9,#N/A,#N/A,#N/A,#N/A,#N/A,19691210
1970.1,#N/A,3.5,3.7,3.6,4,4.5,4.6,4.8,#N/A,#N/A,#N/A,#N/A,#N/A,#N/A,19700107
1970.1,#N/A,3.5,3.7,3.6,4.2,4.6,4.9,5.1,#N/A,#N/A,#N/A,#N/A,#N/A,#N/A,19700204
1970.1,#N/A,3.5,3.6,3.6,4.2,4.6,4.9,5.1,#N/A,#N/A,#N/A,#N/A,#N/A,#N/A,19700304
1970.2,3.5,3.6,3.6,4.2,4.4,4.7,4.9,#N/A,#N/A,#N/A,#N/A,#N/A,#N/A,#N/A,19700401
1970.2,3.5,3.6,3.6,4.1,4.6,4.7,4.8,#N/A,#N/A,#N/A,#N/A,#N/A,#N/A,#N/A,19700429
1970.2,3.5,3.6,3.6,4.1,4.9,5.1,5.2,#N/A,#N/A,#N/A,#N/A,#N/A,#N/A,#N/A,19700520
1970.2,#N/A,#N/A,#N/A,4.1,5,5.3,5.6,5.8,6,#N/A,#N/A,#N/A,#N/A,#N/A,19700617
1970.3,#N/A,#N/A,4.1,4.8,5.1,5.4,5.6,5.8,#N/A,#N/A,#N/A,#N/A,#N/A,#N/A,19700715
1970.3,#N/A,#N/A,4.1,4.8,5.1,5.3,5.5,5.7,#N/A,#N/A,#N/A,#N/A,#N/A,#N/A,19700812
1970.3,#N/A,#N/A,4.1,4.8,5.1,5.3,5.5,5.6,#N/A,#N/A,#N/A,#N/A,#N/A,#N/A,19700909
1970.4,#N/A,4.1,4.8,5.2,5.6,5.8,5.9,#N/A,#N/A,#N/A,#N/A,#N/A,#N/A,#N/A,19701014
1970.4,#N/A,#N/A,#N/A,5.2,5.7,6,6.3,6.6,6.7,#N/A,#N/A,#N/A,#N/A,#N/A,19701111
1970.4,#N/A,#N/A,#N/A,5.2,5.7,6,6.3,6.6,6.7,#N/A,#N/A,#N/A,#N/A,#N/A,19701209
1971.1,#N/A,#N/A,5.2,5.8,6,6.3,6.6,6.7,#N/A,#N/A,#N/A,#N/A,#N/A,#N/A,19710106
1971.1,#N/A,#N/A,5.2,5.8,6.1,6.3,6.5,6.5,#N/A,#N/A,#N/A,#N/A,#N/A,#N/A,19710203
1971.1,#N/A,#N/A,5.2,5.9,6,6.2,6.5,6.5,#N/A,#N/A,#N/A,#N/A,#N/A,#N/A,19710303
1971.1,#N/A,#N/A,5.2,5.9,6,6.3,6.5,6.5,#N/A,#N/A,#N/A,#N/A,#N/A,#N/A,19710331
1971.2,#N/A,5.2,5.9,5.9,6.2,6.4,6.4,#N/A,#N/A,#N/A,#N/A,#N/A,#N/A,#N/A,19710428
1971.2,#N/A,5.2,5.9,5.9,6.2,6.4,6.4,#N/A,#N/A,#N/A,#N/A,#N/A,#N/A,#N/A,19710602
1971.2,#N/A,#N/A,#N/A,5.9,6.2,6.5,6.6,6.5,6.3,#N/A,#N/A,#N/A,#N/A,#N/A,19710623
1971.3,#N/A,#N/A,5.9,6,6.2,6.4,6.3,6.1,#N/A,#N/A,#N/A,#N/A,#N/A,#N/A,19710721
1971.3,#N/A,#N/A,5.9,6,6.1,6,#N/A,#N/A,#N/A,#N/A,#N/A,#N/A,#N/A,#N/A,19710820
1971.3,#N/A,#N/A,5.9,6,6.1,6,5.8,5.5,#N/A,#N/A,#N/A,#N/A,#N/A,#N/A,19710915
1971.4,#N/A,5.9,6,6,5.9,5.7,5.5,#N/A,#N/A,#N/A,#N/A,#N/A,#N/A,#N/A,19711013
1971.4,#N/A,#N/A,#N/A,6,5.8,5.7,5.6,5.5,5.3,#N/A,#N/A,#N/A,#N/A,#N/A,19711110
1971.4,#N/A,#N/A,#N/A,6,5.9,5.7,5.6,5.5,5.3,#N/A,#N/A,#N/A,#N/A,#N/A,19711208
1972.1,#N/A,#N/A,6,6,5.9,5.8,5.6,5.4,#N/A,#N/A,#N/A,#N/A,#N/A,#N/A,19720107
1972.1,#N/A,#N/A,6,5.9,5.8,5.7,5.6,5.4,#N/A,#N/A,#N/A,#N/A,#N/A,#N/A,19720209
1972.1,#N/A,#N/A,6,5.9,5.8,5.7,5.6,5.4,#N/A,#N/A,#N/A,#N/A,#N/A,#N/A,19720315
1972.2,#N/A,6,5.9,5.8,5.7,5.5,5.4,#N/A,#N/A,#N/A,#N/A,#N/A,#N/A,#N/A,19720412
1972.2,#N/A,6,5.9,5.8,5.7,5.5,5.2,#N/A,#N/A,#N/A,#N/A,#N/A,#N/A,#N/A,19720517
1972.2,#N/A,6,5.9,5.8,5.8,5.6,5.3,#N/A,#N/A,#N/A,#N/A,#N/A,#N/A,#N/A,19720614
1972.3,#N/A,5.9,5.8,5.8,5.6,5.3,5.2,5.1,5,5,#N/A,#N/A,#N/A,#N/A,19720712
1972.3,#N/A,5.9,5.8,5.7,5.5,5.3,5.2,5.1,5,5,#N/A,#N/A,#N/A,#N/A,19720809
1972.3,#N/A,5.9,5.8,5.7,5.5,5.3,5.1,5,4.9,4.8,#N/A,#N/A,#N/A,#N/A,19720913
1972.4,5.9,5.8,5.7,5.6,5.4,5.2,5,4.9,4.8,#N/A,#N/A,#N/A,#N/A,#N/A,19721011
1972.4,5.9,5.8,5.7,5.6,5.4,5.2,5.1,5,4.9,#N/A,#N/A,#N/A,#N/A,#N/A,19721115
1972.4,#N/A,#N/A,#N/A,5.6,5.3,5.1,5,4.9,4.8,#N/A,#N/A,#N/A,#N/A,#N/A,19721213
1973.1,#N/A,#N/A,5.6,5.3,5.1,4.9,4.8,4.7,#N/A,#N/A,#N/A,#N/A,#N/A,#N/A,19730110
1973.1,#N/A,#N/A,5.6,5.3,5,4.9,4.8,4.7,#N/A,#N/A,#N/A,#N/A,#N/A,#N/A,19730207
1973.1,#N/A,#N/A,5.6,5.3,5,4.9,4.8,4.7,#N/A,#N/A,#N/A,#N/A,#N/A,#N/A,19730314
1973.2,#N/A,5.6,5.3,5,4.9,4.8,4.7,#N/A,#N/A,#N/A,#N/A,#N/A,#N/A,#N/A,19730411
1973.2,#N/A,5.6,5.3,5,4.9,4.8,4.7,#N/A,#N/A,#N/A,#N/A,#N/A,#N/A,#N/A,19730509
1973.2,#N/A,5.6,5.3,5,5,4.8,4.8,4.9,5.1,5.3,5.5,#N/A,#N/A,#N/A,19730618
1973.3,5.6,5.3,5,4.9,4.7,4.7,4.9,5.1,5.3,5.5,#N/A,#N/A,#N/A,#N/A,19730711
1973.3,5.6,5.3,5,4.9,4.7,4.7,4.9,5.1,5.3,5.5,#N/A,#N/A,#N/A,#N/A,19730815
1973.3,5.6,5.3,5,4.9,4.7,4.7,4.9,5.1,5.3,5.5,#N/A,#N/A,#N/A,#N/A,19730912
1973.4,5.3,5,4.9,4.8,4.7,4.9,5.1,5.3,5.5,#N/A,#N/A,#N/A,#N/A,#N/A,19731010
1973.4,5.3,5,4.9,4.8,4.6,4.7,4.8,5,5.2,#N/A,#N/A,#N/A,#N/A,#N/A,19731114
1973.4,5.3,5,4.9,4.8,4.7,5.1,5.5,5.8,6,#N/A,#N/A,#N/A,#N/A,#N/A,19731212
1974.1,5,4.9,4.8,4.7,5.2,5.5,5.8,6,#N/A,#N/A,#N/A,#N/A,#N/A,#N/A,19740116
1974.1,#N/A,#N/A,4.7,4.7,5.4,5.8,6,6.2,#N/A,#N/A,#N/A,#N/A,#N/A,#N/A,19740213
1974.1,#N/A,#N/A,4.7,4.7,5.3,5.8,6,6.2,#N/A,#N/A,#N/A,#N/A,#N/A,#N/A,19740313
1974.2,4.9,4.7,4.7,5.2,5.5,5.7,5.9,6.1,6.3,#N/A,#N/A,#N/A,#N/A,#N/A,19740410
1974.2,4.9,4.7,4.7,5.2,5.2,5.5,5.7,5.9,6.1,#N/A,#N/A,#N/A,#N/A,#N/A,19740515
1974.2,4.9,4.7,4.7,5.2,5.2,5.6,5.9,6.1,6.3,#N/A,#N/A,#N/A,#N/A,#N/A,19740612
1974.3,#N/A,#N/A,5.2,5.1,5.5,5.8,6.2,6.5,#N/A,#N/A,#N/A,#N/A,#N/A,#N/A,19740710
1974.3,4.7,4.7,5.2,5.1,5.5,6,6.4,6.7,7.1,7.3,#N/A,#N/A,#N/A,#N/A,19740814
1974.3,4.7,4.7,5.2,5.1,5.5,6,6.5,6.8,7.1,7.3,#N/A,#N/A,#N/A,#N/A,19740904
1974.4,4.7,5.2,5.1,5.5,6.1,6.6,7,7.3,7.5,#N/A,#N/A,#N/A,#N/A,#N/A,19741009
1974.4,#N/A,#N/A,#N/A,5.5,6.4,6.8,7.2,7.6,7.8,#N/A,#N/A,#N/A,#N/A,#N/A,19741113
1974.4,#N/A,#N/A,#N/A,5.5,6.5,7.3,7.7,8,8.1,8.2,8.3,#N/A,#N/A,#N/A,19741211
1975.1,5.2,5.1,5.5,6.5,7.6,8,8.2,8.1,8.1,8.2,#N/A,#N/A,#N/A,#N/A,19750115
1975.1,5.2,5.1,5.5,6.6,8.5,9.2,9.5,9.3,9.3,9.3,#N/A,#N/A,#N/A,#N/A,19750212
1975.1,5.2,5.1,5.5,6.6,8.4,9.2,9.5,9.3,9.3,9.2,#N/A,#N/A,#N/A,#N/A,19750312
1975.2,5.1,5.5,6.6,8.3,9.1,9.3,9.2,9,9,#N/A,#N/A,#N/A,#N/A,#N/A,19750409
1975.2,5.1,5.5,6.6,8.3,9.2,9.4,9.3,9.1,9.1,#N/A,#N/A,#N/A,#N/A,#N/A,19750514
1975.2,5.1,5.5,6.6,8.3,9.2,9.2,9,8.9,8.8,8.6,8.5,#N/A,#N/A,#N/A,19750611
1975.3,5.5,6.6,8.3,8.9,9,8.8,8.7,8.5,8.3,8.2,#N/A,#N/A,#N/A,#N/A,19750709
1975.3,5.5,6.6,8.3,8.9,8.6,8.3,8.1,7.9,7.8,7.6,#N/A,#N/A,#N/A,#N/A,19750813
1975.3,5.5,6.6,8.3,8.9,8.4,8.1,7.9,7.7,7.6,7.5,#N/A,#N/A,#N/A,#N/A,19750910
1975.4,6.6,8.3,8.9,8.4,8.1,8,7.9,7.7,7.7,#N/A,#N/A,#N/A,#N/A,#N/A,19751015
1975.4,6.6,8.3,8.9,8.4,8.3,8.1,8,7.8,7.8,#N/A,#N/A,#N/A,#N/A,#N/A,19751112
1975.4,6.6,8.3,8.9,8.4,8.4,8.2,8.1,7.9,7.9,#N/A,#N/A,#N/A,#N/A,#N/A,19751210
1976.1,8.3,8.9,8.4,8.4,8.2,8.1,7.9,7.9,#N/A,#N/A,#N/A,#N/A,#N/A,#N/A,19760114
1976.1,8.1,8.7,8.6,8.5,7.9,7.6,7.4,7.3,7.2,7.1,#N/A,#N/A,#N/A,#N/A,19760211
1976.1,8.1,8.7,8.6,8.5,7.6,7.4,7.4,7.2,7.1,7,#N/A,#N/A,#N/A,#N/A,19760310
1976.2,8.7,8.6,8.5,7.6,7.3,7.3,7.2,7.1,7,#N/A,#N/A,#N/A,#N/A,#N/A,19760414
1976.2,8.7,8.6,8.5,7.6,7.4,7.2,7.1,6.9,6.8,#N/A,#N/A,#N/A,#N/A,#N/A,19760512
1976.2,8.7,8.6,8.5,7.6,7.3,7.1,7,6.9,6.8,#N/A,#N/A,#N/A,#N/A,#N/A,19760616
1976.3,8.6,8.5,7.6,7.4,7.3,7.1,6.9,6.8,6.6,6.5,#N/A,#N/A,#N/A,#N/A,19760714
1976.3,#N/A,#N/A,7.6,7.4,7.6,7.3,7,6.8,6.6,6.5,#N/A,#N/A,#N/A,#N/A,19760811
1976.3,#N/A,#N/A,7.6,7.4,7.8,7.4,7.1,6.9,6.7,6.6,#N/A,#N/A,#N/A,#N/A,19760915
1976.4,#N/A,7.6,7.4,7.8,7.5,7.2,7,6.9,6.8,#N/A,#N/A,#N/A,#N/A,#N/A,19761013
1976.4,#N/A,7.6,7.4,7.8,7.7,7.5,7.4,7.3,7.2,#N/A,#N/A,#N/A,#N/A,#N/A,19761110
1976.4,#N/A,7.6,7.4,7.8,8,7.9,7.7,7.5,7.2,#N/A,#N/A,#N/A,#N/A,#N/A,19761215
1977.1,7.6,7.4,7.8,8,7.9,7.6,7.3,7.1,#N/A,#N/A,#N/A,#N/A,#N/A,#N/A,19770112
1977.1,#N/A,#N/A,7.8,7.9,7.7,7.4,7.2,7.1,6.9,6.7,#N/A,#N/A,#N/A,#N/A,19770209
1977.1,#N/A,#N/A,7.8,7.9,7.4,7.2,7.1,7,6.7,6.6,#N/A,#N/A,#N/A,#N/A,19770309
1977.2,#N/A,7.8,7.9,7.4,7.2,7.1,7,6.8,6.7,#N/A,#N/A,#N/A,#N/A,#N/A,19770415
1977.2,#N/A,7.8,7.9,7.4,6.9,6.8,6.7,6.5,6.4,#N/A,#N/A,#N/A,#N/A,#N/A,19770511
1977.2,#N/A,7.8,7.9,7.4,6.9,6.8,6.7,6.6,6.5,#N/A,#N/A,#N/A,#N/A,#N/A,19770615
1977.3,#N/A,#N/A,7.4,7,6.9,6.7,6.6,6.5,6.4,6.3,#N/A,#N/A,#N/A,#N/A,19770713
1977.3,#N/A,#N/A,7.4,7,6.8,6.7,6.6,6.5,6.4,6.3,#N/A,#N/A,#N/A,#N/A,19770810
1977.3,#N/A,#N/A,7.4,7,7.1,7,6.8,6.7,6.6,6.6,#N/A,#N/A,#N/A,#N/A,19770914
1977.4,#N/A,7.4,7,7,6.9,6.7,6.7,6.6,6.6,#N/A,#N/A,#N/A,#N/A,#N/A,19771012
1977.4,#N/A,7.4,7,7,6.9,6.7,6.7,6.6,6.6,#N/A,#N/A,#N/A,#N/A,#N/A,19771109
1977.4,#N/A,7.4,7,7,6.9,6.7,6.7,6.6,6.6,#N/A,#N/A,#N/A,#N/A,#N/A,19771214
1978.1,#N/A,#N/A,7,6.8,6.5,6.4,6.4,6.3,6.1,6,#N/A,#N/A,#N/A,#N/A,19780111
1978.1,#N/A,#N/A,6.9,6.6,6.3,6.2,6.2,6.1,6,5.9,#N/A,#N/A,#N/A,#N/A,19780222
1978.1,#N/A,#N/A,6.9,6.6,6.2,6,6,5.9,5.8,5.7,#N/A,#N/A,#N/A,#N/A,19780315
1978.2,#N/A,6.9,6.6,6.2,6,6,5.9,5.8,5.8,#N/A,#N/A,#N/A,#N/A,#N/A,19780412
1978.2,#N/A,6.9,6.6,6.2,5.9,5.9,5.8,5.7,5.7,#N/A,#N/A,#N/A,#N/A,#N/A,19780510
1978.2,#N/A,6.9,6.6,6.2,6.1,6,6,5.9,5.9,#N/A,#N/A,#N/A,#N/A,#N/A,19780614
1978.3,#N/A,#N/A,6.2,5.9,5.8,5.8,5.7,5.7,5.8,5.9,#N/A,#N/A,#N/A,#N/A,19780712
1978.3,#N/A,#N/A,6.2,5.9,6,5.9,5.8,5.8,5.9,6,#N/A,#N/A,#N/A,#N/A,19780809
1978.3,#N/A,#N/A,6.2,5.9,6,5.9,5.8,5.8,5.9,6,#N/A,#N/A,#N/A,#N/A,19780913
1978.4,#N/A,6.2,5.9,6,5.9,5.8,5.8,5.9,6,#N/A,#N/A,#N/A,#N/A,#N/A,19781011
1978.4,#N/A,6.2,5.9,6,5.9,5.9,6,6.2,6.4,#N/A,#N/A,#N/A,#N/A,#N/A,19781115
1978.4,#N/A,6.2,5.9,6,5.8,5.8,6,6.2,6.4,#N/A,#N/A,#N/A,#N/A,#N/A,19781213
1979.1,6.2,6,6,5.8,5.8,6,6.2,6.3,6.5,6.7,6.9,7.1,#N/A,#N/A,19790131
1979.1,6.2,6,6,5.8,5.7,5.9,6.1,6.3,6.5,6.7,6.9,7.1,#N/A,#N/A,19790314
1979.2,6,6,5.8,5.7,5.9,6.1,6.3,6.5,6.7,6.9,7.1,#N/A,#N/A,#N/A,19790411
1979.2,6,6,5.8,5.7,5.9,6.1,6.3,6.5,6.7,6.9,7.1,#N/A,#N/A,#N/A,19790516
1979.3,6,5.8,5.7,5.8,6.3,6.9,7.3,7.5,7.7,7.9,#N/A,#N/A,#N/A,#N/A,19790703
1979.3,6,5.8,5.7,5.7,6.1,6.8,7.3,7.5,7.7,7.9,#N/A,#N/A,#N/A,#N/A,19790808
1979.3,6,5.8,5.7,5.7,6,6.9,7.4,7.7,7.9,8.1,#N/A,#N/A,#N/A,#N/A,19790912
1979.4,5.8,5.7,5.7,5.8,6.7,7.4,7.9,8.1,8.3,#N/A,#N/A,#N/A,#N/A,#N/A,19791012
1979.4,5.8,5.7,5.7,5.8,6.3,7.1,7.9,8.2,8.4,#N/A,#N/A,#N/A,#N/A,#N/A,19791114
1980.1,5.7,5.7,5.8,5.9,6.6,7.2,7.8,8.1,8.3,8.5,8.7,8.8,#N/A,#N/A,19800103
1980.1,5.7,5.8,5.8,5.9,6.2,6.5,7.1,7.7,8,8.4,8.6,8.7,#N/A,#N/A,19800130
1980.1,5.7,5.8,5.8,5.9,6.1,6.4,7,7.5,8,8.3,8.4,8.5,#N/A,#N/A,19800314
1980.2,5.8,5.8,5.9,6.1,6.6,7.3,7.9,8.3,8.5,8.7,8.8,#N/A,#N/A,#N/A,19800416
1980.2,5.8,5.8,5.9,6.1,7.3,7.9,8.3,8.7,8.9,9,9.1,#N/A,#N/A,#N/A,19800514
1980.3,5.8,5.9,6.1,7.6,8.6,8.9,9,8.9,8.8,8.7,#N/A,#N/A,#N/A,#N/A,19800702
1980.3,5.8,5.9,6.1,7.5,8.1,8.5,8.8,8.7,8.6,8.5,#N/A,#N/A,#N/A,#N/A,19800806
1980.3,5.8,5.9,6.1,7.5,7.8,8.1,8.4,8.4,8.3,8.3,#N/A,#N/A,#N/A,#N/A,19800910
1980.4,5.9,6.1,7.5,7.6,7.6,7.8,8,8.2,8.3,#N/A,#N/A,#N/A,#N/A,#N/A,19801015
1980.4,5.9,6.1,7.5,7.6,7.6,7.9,8.2,8.3,8.4,#N/A,#N/A,#N/A,#N/A,#N/A,19801112
1980.4,5.9,6.1,7.5,7.6,7.6,7.9,8.4,8.6,8.8,9,9.2,9.2,9.3,#N/A,19801212
1981.1,6.2,7.3,7.5,7.5,7.5,8,8.3,8.5,8.7,8.8,8.9,9,#N/A,#N/A,19810128
1981.1,6.2,7.3,7.5,7.5,7.4,7.5,7.7,7.9,8.1,8.3,8.5,8.6,#N/A,#N/A,19810325
1981.2,7.3,7.5,7.5,7.4,7.3,7.4,7.5,7.7,7.9,8,8.1,#N/A,#N/A,#N/A,19810513
1981.3,7.5,7.5,7.3,7.5,7.7,7.8,8,8.2,8.3,8.3,#N/A,#N/A,#N/A,#N/A,19810701
1981.3,7.5,7.5,7.4,7.4,7.1,7.5,7.7,7.9,8.1,8.2,#N/A,#N/A,#N/A,#N/A,19810812
1981.3,7.5,7.5,7.4,7.4,7.2,7.7,7.9,8.1,8.2,8.2,#N/A,#N/A,#N/A,#N/A,19810930
1981.4,7.5,7.4,7.4,7.2,8.3,8.6,8.8,8.8,8.8,#N/A,#N/A,#N/A,#N/A,#N/A,19811110
1981.4,7.5,7.4,7.4,7.2,8.4,8.9,9.2,9.1,9,#N/A,#N/A,#N/A,#N/A,#N/A,19811216
1982.1,7.4,7.4,7.2,8.4,9.3,9.5,9.4,9.3,9.3,9.3,9.2,9.1,#N/A,#N/A,19820127
1982.1,7.4,7.4,7.4,8.3,8.8,9.2,9.1,9,8.9,8.9,8.7,8.6,#N/A,#N/A,19820324
1982.2,7.4,7.4,8.3,8.8,9.5,9.6,9.5,9.4,9.3,9.1,8.8,#N/A,#N/A,#N/A,19820512
1982.2,7.4,7.4,8.4,8.8,9.5,9.6,9.5,9.5,9.5,9.3,9.1,#N/A,#N/A,#N/A,19820623
1982.3,7.4,8.3,8.8,9.5,10,9.9,9.8,9.8,9.7,9.5,#N/A,#N/A,#N/A,#N/A,19820818
1982.3,7.4,8.3,8.8,9.5,10,10.2,10.1,10,9.9,9.7,#N/A,#N/A,#N/A,#N/A,19820929
1982.4,8.3,8.8,9.5,9.9,10.6,10.6,10.6,10.5,10.3,#N/A,#N/A,#N/A,#N/A,#N/A,19821110
1982.4,8.3,8.8,9.5,9.9,10.7,11.1,11.1,11,10.8,#N/A,#N/A,#N/A,#N/A,#N/A,19821215
1983.1,8.8,9.4,10,10.7,10.9,10.9,10.8,10.6,10.4,10.1,9.8,9.5,#N/A,#N/A,19830202
1983.1,8.8,9.4,10,10.7,10.4,10.5,10.3,10.2,9.9,9.6,9.4,9.1,#N/A,#N/A,19830323
1983.2,9.4,10,10.7,10.3,10.1,9.8,9.7,9.6,9.4,9.1,8.9,#N/A,#N/A,#N/A,19830518
1983.3,10,10.7,10.3,10,9.6,9.4,9.2,9,8.8,8.6,#N/A,#N/A,#N/A,#N/A,19830706
1983.3,10,10.7,10.3,10.1,9.3,9,8.8,8.7,8.5,8.4,#N/A,#N/A,#N/A,#N/A,19830817
1983.3,10,10.7,10.3,10.1,9.4,9.1,8.9,8.8,8.6,8.4,#N/A,#N/A,#N/A,#N/A,19830928
1983.4,10.7,10.3,10.1,9.4,8.7,8.6,8.4,8.2,8,#N/A,#N/A,#N/A,#N/A,#N/A,19831109
1983.4,10.7,10.3,10.1,9.4,8.5,8.1,8,7.9,7.8,#N/A,#N/A,#N/A,#N/A,#N/A,19831214
1984.1,10.4,10.1,9.4,8.5,8,7.8,7.6,7.5,7.4,7.3,7.1,7,#N/A,#N/A,19840125
1984.1,10.4,10.1,9.4,8.5,7.8,7.2,6.9,6.8,6.7,6.6,6.5,6.5,#N/A,#N/A,19840321
1984.2,10.1,9.4,8.5,7.9,7.6,7.3,7.2,7.1,7,6.9,6.8,#N/A,#N/A,#N/A,19840516
1984.3,9.4,8.5,7.9,7.5,6.9,6.7,6.6,6.5,6.4,6.4,#N/A,#N/A,#N/A,#N/A,19840711
1984.3,9.4,8.5,7.9,7.5,7.2,6.9,6.8,6.7,6.6,6.5,#N/A,#N/A,#N/A,#N/A,19840815
1984.3,9.4,8.5,7.9,7.5,7.5,7.2,7,6.9,6.8,6.7,#N/A,#N/A,#N/A,#N/A,19840926
1984.4,8.5,7.9,7.5,7.5,7.3,7.1,7,6.9,6.8,#N/A,#N/A,#N/A,#N/A,#N/A,19841031
1984.4,8.5,7.9,7.5,7.5,7.3,7.2,7.1,7.1,7,#N/A,#N/A,#N/A,#N/A,#N/A,19841212
1985.1,7.9,7.5,7.4,7.2,7.2,6.9,6.8,6.7,6.7,6.7,6.6,6.6,#N/A,#N/A,19850206
1985.1,7.9,7.5,7.4,7.2,7.3,7.1,6.9,6.8,6.8,6.8,6.7,6.7,#N/A,#N/A,19850320
1985.2,7.5,7.4,7.2,7.3,7.3,7.2,7.1,7,7,7,7,#N/A,#N/A,#N/A,19850515
1985.3,7.4,7.2,7.3,7.3,7.2,7.1,7.1,7.1,7.1,7.1,#N/A,#N/A,#N/A,#N/A,19850703
1985.3,7.4,7.2,7.3,7.3,7.3,7.2,7.1,7.1,7.1,7.1,#N/A,#N/A,#N/A,#N/A,19850814
1985.3,7.4,7.2,7.3,7.3,7.2,7.2,7.2,7.1,7,7,#N/A,#N/A,#N/A,#N/A,19850925
1985.4,7.2,7.3,7.3,7.2,7.1,7.1,7.2,7.2,7.2,#N/A,#N/A,#N/A,#N/A,#N/A,19851030
1985.4,7.2,7.3,7.3,7.2,7.1,7.1,7.2,7.2,7.3,#N/A,#N/A,#N/A,#N/A,#N/A,19851211
1986.1,7.3,7.3,7.2,7,6.8,6.7,6.7,6.6,6.6,6.5,6.5,6.5,#N/A,#N/A,19860205
1986.1,7.3,7.3,7.2,7,7,7,6.8,6.7,6.5,6.4,6.3,6.3,#N/A,#N/A,19860326
1986.2,7.3,7.2,7,7.1,7.1,6.9,6.7,6.5,6.4,6.3,6.2,#N/A,#N/A,#N/A,19860514
1986.3,7.2,7,7.1,7.2,7.1,6.9,6.8,6.7,6.6,6.6,#N/A,#N/A,#N/A,#N/A,19860702
1986.3,7.2,7,7.1,7.2,7,6.9,6.8,6.7,6.7,6.6,#N/A,#N/A,#N/A,#N/A,19860813
1986.3,7.2,7,7.1,7.2,6.9,6.8,6.7,6.6,6.6,6.6,#N/A,#N/A,#N/A,#N/A,19860917
1986.4,7,7.1,7.2,6.9,7,6.9,6.9,6.8,6.7,#N/A,#N/A,#N/A,#N/A,#N/A,19861029
1986.4,7,7.1,7.2,6.9,7,6.9,6.9,6.8,6.7,#N/A,#N/A,#N/A,#N/A,#N/A,19861210
1987.1,7.1,7.1,6.9,6.9,6.7,6.7,6.6,6.6,6.6,6.6,6.5,6.5,#N/A,#N/A,19870204
1987.1,7.1,7.1,6.9,6.9,6.7,6.7,6.7,6.7,6.6,6.6,6.5,6.5,#N/A,#N/A,19870325
1987.2,7.1,6.9,6.9,6.7,6.4,6.4,6.4,6.3,6.3,6.2,6.2,#N/A,#N/A,#N/A,19870513
1987.3,6.9,6.9,6.7,6.3,6.3,6.3,6.3,6.3,6.3,6.3,#N/A,#N/A,#N/A,#N/A,19870701
1987.3,6.9,6.9,6.7,6.2,6.1,6.1,6,6,6,6,#N/A,#N/A,#N/A,#N/A,19870812
1987.3,6.9,6.9,6.7,6.2,6,6,5.9,5.9,5.9,5.9,#N/A,#N/A,#N/A,#N/A,19870916
1987.4,6.9,6.7,6.2,6,6.1,6.2,6.3,6.3,6.2,#N/A,#N/A,#N/A,#N/A,#N/A,19871028
1987.4,6.9,6.7,6.2,6,6,6.2,6.3,6.3,6.2,#N/A,#N/A,#N/A,#N/A,#N/A,19871209
1988.1,6.6,6.3,6,5.9,5.9,6,6,6,5.9,5.9,5.8,5.8,#N/A,#N/A,19880203
1988.1,6.6,6.3,6,5.9,5.7,5.7,5.7,5.7,5.6,5.6,5.7,5.7,#N/A,#N/A,19880323
1988.2,6.3,6,5.9,5.7,5.5,5.6,5.6,5.7,5.8,5.8,5.9,#N/A,#N/A,#N/A,19880511
1988.2,6.3,6,5.9,5.7,5.6,5.7,5.7,5.7,5.8,5.8,5.9,#N/A,#N/A,#N/A,19880622
1988.3,6,5.9,5.7,5.5,5.4,5.4,5.4,5.5,5.6,5.7,#N/A,#N/A,#N/A,#N/A,19880810
1988.3,6,5.9,5.7,5.5,5.5,5.5,5.5,5.6,5.7,5.7,#N/A,#N/A,#N/A,#N/A,19880914
1988.4,5.9,5.7,5.5,5.5,5.4,5.4,5.5,5.5,5.6,#N/A,#N/A,#N/A,#N/A,#N/A,19881026
1988.4,#N/A,5.7,5.5,5.5,5.3,5.3,5.3,5.4,5.5,5.7,5.9,6,6.1,#N/A,19881207
1989.1,5.7,5.5,5.5,5.3,5.3,5.3,5.4,5.5,5.7,5.9,6,6.1,#N/A,#N/A,19890201
1989.1,5.7,5.5,5.5,5.3,5.2,5.2,5.3,5.4,5.6,5.8,6,6.1,#N/A,#N/A,19890322
1989.2,5.5,5.5,5.3,5.2,5.3,5.3,5.4,5.5,5.7,5.9,6.1,#N/A,#N/A,#N/A,19890510
1989.2,5.5,5.5,5.3,5.2,5.3,5.4,5.6,5.8,5.9,6,6.1,#N/A,#N/A,#N/A,19890628
1989.3,5.5,5.3,5.2,5.3,5.3,5.3,5.4,5.5,5.6,5.7,#N/A,#N/A,#N/A,#N/A,19890816
1989.3,5.5,5.3,5.2,5.3,5.2,5.3,5.4,5.5,5.7,5.9,6,6.1,6.2,6.2,19890927
1989.4,5.3,5.2,5.3,5.2,5.3,5.4,5.5,5.7,5.9,6,6.1,6.2,6.2,#N/A,19891108
1989.4,5.3,5.2,5.3,5.2,5.4,5.6,5.8,5.9,6,6.1,6.1,6.2,6.2,#N/A,19891213
1990.1,5.2,5.3,5.3,5.3,5.5,5.6,5.8,5.9,6,6,6.1,6.1,#N/A,#N/A,19900131
1990.1,5.2,5.3,5.3,5.3,5.3,5.4,5.6,5.7,5.8,5.9,6,6,#N/A,#N/A,19900321
1990.2,5.3,5.3,5.3,5.2,5.4,5.5,5.6,5.7,5.9,6.1,6.2,#N/A,#N/A,#N/A,19900509
1990.2,5.3,5.3,5.3,5.2,5.4,5.6,5.8,5.8,5.9,6,6.1,#N/A,#N/A,#N/A,19900627
1990.3,5.3,5.3,5.2,5.3,5.6,5.9,6,6.1,6.1,6.1,6.1,6.1,6.1,6.1,19900815
1990.3,5.3,5.3,5.2,5.3,5.6,6,6.3,6.4,6.5,6.5,6.5,6.5,6.5,6.5,19900926
1990.4,5.3,5.2,5.3,5.6,5.9,6.4,6.7,6.8,6.8,6.8,6.8,6.8,6.8,#N/A,19901107
1990.4,5.3,5.2,5.3,5.6,5.9,6.4,6.4,6.5,6.5,6.5,6.5,6.5,6.5,#N/A,19901212
1991.1,5.3,5.3,5.6,5.9,6.4,6.4,6.2,6.1,6.1,6.1,6,6,#N/A,#N/A,19910130
1991.1,5.3,5.3,5.6,5.9,6.5,6.8,6.5,6.3,6.2,6.2,6.1,6,#N/A,#N/A,19910320
1991.2,5.3,5.6,5.9,6.5,6.8,6.8,6.6,6.4,6.3,6.3,6.2,#N/A,#N/A,#N/A,19910508
1991.2,5.3,5.6,5.9,6.5,6.8,6.8,6.6,6.5,6.4,6.4,6.3,#N/A,#N/A,#N/A,19910628
1991.3,5.6,5.9,6.5,6.8,6.8,6.8,6.6,6.5,6.5,6.4,6.3,6.2,6.1,6,19910814
1991.3,5.6,5.9,6.5,6.8,6.8,6.8,6.7,6.7,6.6,6.5,6.4,6.3,6.2,6.1,19910925
1991.4,5.9,6.5,6.8,6.8,6.9,7,7,6.9,6.7,6.6,6.5,6.4,6.3,#N/A,19911030
1991.4,5.9,6.5,6.8,6.8,6.9,7.1,7.2,7.2,7.1,7,6.9,6.8,6.7,#N/A,19911211
1992.1,6.5,6.7,6.8,6.9,7.1,7.3,7.3,7.2,7.1,7,6.8,6.7,#N/A,#N/A,19920130
1992.1,6.5,6.7,6.8,6.9,7.2,7.3,7.2,7.1,7.1,7,6.8,6.7,#N/A,#N/A,19920325
1992.2,6.7,6.8,6.9,7.2,7.2,7.1,7,6.9,6.8,6.7,6.6,#N/A,#N/A,#N/A,19920514
1992.2,6.7,6.8,6.9,7.2,7.3,7.3,7.2,7.1,6.9,6.8,6.7,#N/A,#N/A,#N/A,19920626
1992.3,6.8,6.9,7.2,7.5,7.6,7.4,7.4,7.3,7.2,7,6.9,6.7,6.6,6.4,19920813
1992.3,6.8,6.9,7.2,7.5,7.6,7.8,7.8,7.8,7.7,7.5,7.3,7.1,7,6.8,19920930
1992.4,6.9,7.2,7.5,7.6,7.5,7.6,7.6,7.6,7.5,7.3,7.2,7,6.8,#N/A,19921112
1992.4,6.9,7.2,7.5,7.6,7.3,7.3,7.2,7.1,7,6.9,6.8,6.7,6.6,#N/A,19921216
1993.1,7.3,7.5,7.5,7.3,7.2,7.2,7.1,7,6.9,6.8,6.7,6.6,#N/A,#N/A,19930129
1993.1,7.3,7.5,7.5,7.3,7,7,6.9,6.9,6.8,6.8,6.6,6.6,#N/A,#N/A,19930317
1993.2,7.5,7.5,7.3,7,7,7,7,6.9,6.8,6.7,6.7,#N/A,#N/A,#N/A,19930514
1993.2,7.5,7.5,7.3,7,7,7,6.9,6.9,6.9,6.8,6.8,#N/A,#N/A,#N/A,19930630
1993.3,7.5,7.3,7,7,6.9,6.9,6.9,6.8,6.8,6.8,#N/A,#N/A,#N/A,#N/A,19930811
1993.3,7.5,7.3,7,7,6.8,6.7,6.7,6.7,6.7,6.7,#N/A,#N/A,#N/A,#N/A,19930915
1993.4,7.3,7,7,6.7,6.8,6.7,6.7,6.7,6.7,6.7,6.7,6.6,6.6,#N/A,19931110
1993.4,7.3,7,7,6.7,6.6,6.5,6.5,6.4,6.4,6.4,6.4,6.4,6.4,#N/A,19931215
1994.1,7,7,6.7,6.5,7,6.9,6.9,6.8,6.8,6.8,6.8,6.8,#N/A,#N/A,19940131
1994.1,7,7,6.7,6.5,6.5,6.6,6.8,6.6,6.6,6.6,6.6,6.6,#N/A,#N/A,19940316
1994.2,7,6.7,6.5,6.6,6.5,6.8,6.6,6.6,6.6,6.6,6.6,#N/A,#N/A,#N/A,19940513
1994.2,7,6.7,6.5,6.6,6.3,6.3,6.3,6.3,6.4,6.4,6.4,#N/A,#N/A,#N/A,19940630
1994.3,6.7,6.5,6.6,6.2,6.2,6.2,6.2,6.2,6.3,6.3,#N/A,#N/A,#N/A,#N/A,19940812
1994.3,6.7,6.5,6.6,6.2,6.1,6,6.1,6.2,6.2,6.3,6.3,6.3,6.3,6.3,19940921
1994.4,6.5,6.6,6.2,6,5.7,5.7,5.8,6,6.1,6.2,6.2,6.2,6.3,#N/A,19941109
1994.4,6.5,6.6,6.2,6,5.6,5.5,5.5,5.6,5.7,5.9,6,6.1,6.1,#N/A,19941214
1995.1,6.6,6.2,6,5.6,5.3,5.3,5.4,5.4,5.5,5.5,5.5,5.5,#N/A,#N/A,19950125
1995.1,6.6,6.2,6,5.6,5.5,5.5,5.6,5.7,5.7,5.7,5.7,5.8,#N/A,#N/A,19950322
1995.2,6.2,6,5.6,5.5,5.7,5.7,5.8,5.8,5.8,5.8,5.8,#N/A,#N/A,#N/A,19950517
1995.2,6.2,6,5.6,5.5,5.8,6,6,6,6.1,6.1,6.1,#N/A,#N/A,#N/A,19950628
1995.3,6,5.6,5.5,5.7,5.8,5.8,5.8,5.9,5.9,5.9,#N/A,#N/A,#N/A,#N/A,19950816
1995.3,6,5.6,5.5,5.7,5.7,5.8,5.8,5.9,5.9,6,6,6.1,6.1,6.2,19950920
1995.4,5.6,5.5,5.7,5.6,5.6,5.6,5.6,5.6,5.6,5.6,5.6,5.7,5.7,#N/A,19951108
1995.4,5.6,5.5,5.7,5.6,5.6,5.6,5.6,5.6,5.6,5.6,5.6,5.6,5.6,#N/A,19951214
1996.1,5.5,5.7,5.6,5.6,5.6,5.6,5.6,5.6,5.6,5.6,5.6,5.6,#N/A,#N/A,19960126
1996.1,5.5,5.7,5.6,5.5,5.6,5.6,5.6,5.6,5.6,5.6,5.6,5.6,#N/A,#N/A,19960321
1996.2,5.7,5.6,5.5,5.6,5.5,5.5,5.5,5.5,5.5,5.5,5.5,#N/A,#N/A,#N/A,19960516
1996.2,5.7,5.6,5.5,5.6,5.5,5.5,5.5,5.5,5.5,5.5,5.5,#N/A,#N/A,#N/A,19960626
1996.3,5.6,5.5,5.6,5.4,5.4,5.4,5.4,5.4,5.4,5.4,#N/A,#N/A,#N/A,#N/A,19960815
1996.3,5.6,5.5,5.6,5.4,5.3,5.4,5.4,5.4,5.4,5.4,5.4,5.4,5.4,5.4,19960918
1996.4,5.5,5.6,5.4,5.2,5.2,5.2,5.2,5.2,5.2,5.2,5.2,5.2,5.2,#N/A,19961106
1996.4,5.5,5.6,5.4,5.2,5.3,5.2,5.2,5.2,5.2,5.2,5.2,5.2,5.2,#N/A,19961212
1997.1,5.6,5.4,5.3,5.3,5.2,5.1,5.1,5.1,5.1,5,5,5,#N/A,#N/A,19970129
1997.1,5.6,5.4,5.3,5.3,5.3,5.1,5,5,4.9,4.9,4.9,4.9,#N/A,#N/A,19970319
1997.2,5.4,5.3,5.3,5.3,5,4.9,4.8,4.8,4.8,4.8,4.8,#N/A,#N/A,#N/A,19970515
1997.2,5.4,5.3,5.3,5.3,4.9,4.8,4.7,4.6,4.6,4.6,4.6,#N/A,#N/A,#N/A,19970625
1997.3,5.3,5.3,5.3,4.9,4.8,4.7,4.7,4.7,4.7,4.7,#N/A,#N/A,#N/A,#N/A,19970814
1997.3,5.3,5.3,5.3,4.9,4.8,4.7,4.6,4.5,4.5,4.5,4.6,4.7,4.8,4.9,19970924
1997.4,5.3,5.3,4.9,4.9,4.8,4.7,4.6,4.6,4.7,4.7,4.8,5,5.1,#N/A,19971106
1997.4,5.3,5.3,4.9,4.9,4.6,4.6,4.6,4.7,4.8,4.9,5.1,5.2,5.3,#N/A,19971211
1998.1,5.3,4.9,4.9,4.7,4.6,4.7,4.7,4.8,4.9,5,5.1,5.2,#N/A,#N/A,19980128
1998.1,5.3,4.9,4.9,4.7,4.6,4.6,4.6,4.7,4.7,4.8,4.8,4.9,#N/A,#N/A,19980325
1998.2,4.9,4.9,4.7,4.7,4.4,4.5,4.5,4.6,4.7,4.7,4.8,#N/A,#N/A,#N/A,19980514
1998.2,4.9,4.9,4.7,4.7,4.3,4.3,4.4,4.6,4.7,4.8,4.9,#N/A,#N/A,#N/A,19980624
1998.3,4.9,4.7,4.7,4.4,4.5,4.6,4.7,4.9,5,5.1,#N/A,#N/A,#N/A,#N/A,19980813
1998.3,4.9,4.7,4.7,4.4,4.5,4.5,4.7,4.8,5,5.2,5.3,5.4,5.4,5.4,19980923
1998.4,4.7,4.7,4.4,4.6,4.6,4.6,4.7,4.8,5,5.1,5.2,5.2,5.3,#N/A,19981112
1998.4,4.7,4.7,4.4,4.6,4.5,4.4,4.5,4.6,4.7,4.8,4.8,4.9,4.9,,19981216
1999.1,4.6,4.4,4.5,4.4,4.3,4.3,4.3,4.3,4.3,4.4,4.4,4.4,#N/A,#N/A,19990128
1999.1,4.6,4.4,4.5,4.4,4.3,4.2,4.2,4.2,4.3,4.3,4.4,4.5,#N/A,#N/A,19990324
1999.2,4.4,4.5,4.4,4.3,4.2,4.1,4,4.1,4.1,4.2,4.2,#N/A,#N/A,#N/A,19990513
1999.2,4.4,4.5,4.4,4.3,4.2,4.1,4.1,4.1,4.1,4.2,4.2,#N/A,#N/A,#N/A,19990623
1999.3,4.5,4.4,4.3,4.3,4.2,4.2,4.2,4.2,4.3,4.3,#N/A,#N/A,#N/A,#N/A,19990818
1999.3,4.5,4.4,4.3,4.3,4.2,4.1,4,4,4.1,4.1,4.1,4.2,4.2,4.2,19990929
1999.4,4.4,4.3,4.3,4.2,4.1,4.1,4,4,4,4.1,4.1,4.2,4.2,#N/A,19991110
1999.4,4.4,4.3,4.3,4.2,4.1,4.1,4,4,4,4.1,4.1,4.1,4.1,#N/A,19991215
2000.1,4.3,4.3,4.2,4.1,4,4,4,4,4.1,4.1,4.1,4.1,#N/A,#N/A,20000127
2000.1,4.3,4.3,4.2,4.1,4,4,4,4,4.1,4.1,4.1,4.2,#N/A,#N/A,20000315
2000.2,4.3,4.2,4.1,4.1,3.9,3.8,3.8,3.9,3.9,3.9,4,#N/A,#N/A,#N/A,20000511
2000.2,4.3,4.2,4.1,4.1,4,3.9,3.9,4,4,4.1,4.1,#N/A,#N/A,#N/A,20000621
2000.3,4.2,4.1,4.1,4,4,4,4.1,4.1,4.2,4.3,#N/A,#N/A,#N/A,#N/A,20000816
2000.3,4.2,4.1,4.1,4,4.1,4.1,4.1,4.1,4.2,4.3,4.3,4.4,4.4,4.5,20000927
2000.4,4.1,4.1,4,4,4,4.1,4.2,4.3,4.4,4.4,4.5,4.5,4.6,#N/A,20001108
2000.4,4.1,4.1,4,4,4,4.3,4.4,4.6,4.7,4.8,4.9,4.9,5,#N/A,20001213
2001.1,4.1,4,4,4,4.4,4.7,5,5.2,5.3,5.4,5.5,5.5,#N/A,#N/A,20010125
2001.1,4.1,4,4,4,4.3,4.6,4.9,5.2,5.4,5.5,5.5,5.6,#N/A,#N/A,20010314
2001.2,4,4,4,4.2,4.6,4.9,5.1,5.3,5.4,5.4,5.5,#N/A,#N/A,#N/A,20010509
2001.2,4,4,4,4.2,4.5,4.9,5.2,5.4,5.5,5.6,5.6,#N/A,#N/A,#N/A,20010620
2001.3,4,4,4.2,4.5,4.7,5.1,5.3,5.5,5.6,5.6,#N/A,#N/A,#N/A,#N/A,20010816
2001.3,4,4,4.2,4.5,4.8,5.4,5.8,6.1,6.2,6.2,6.2,6.2,6.1,6,20010927
2001.4,4,4.2,4.5,4.8,5.4,5.9,6,6.1,6.1,6.1,6,5.9,5.9,#N/A,20011031
2001.4,4,4.2,4.5,4.8,5.5,5.9,6.1,6.1,6,6,5.9,5.8,5.8,#N/A,20011205
2002.1,4.2,4.5,4.8,5.6,5.9,6,6,6,5.9,5.9,5.9,5.8,#N/A,#N/A,20020123
2002.1,4.2,4.5,4.8,5.6,5.6,5.7,5.6,5.5,5.5,5.4,5.3,5.3,#N/A,#N/A,20020313
2002.2,4.5,4.8,5.6,5.6,5.9,5.9,5.7,5.6,5.5,5.5,5.4,#N/A,#N/A,#N/A,20020501
2002.2,4.5,4.8,5.6,5.6,5.9,6,5.9,5.9,5.7,5.6,5.5,#N/A,#N/A,#N/A,20020620
2002.3,4.8,5.6,5.6,5.9,6,6,6,5.9,5.7,5.7,#N/A,#N/A,#N/A,#N/A,20020807
2002.3,4.8,5.6,5.6,5.9,5.8,6,6.1,6.1,6,6,5.9,5.9,5.8,5.7,20020918
2002.4,5.6,5.6,5.9,5.7,5.9,6.2,6.2,6.1,6.1,6,5.9,5.9,5.8,#N/A,20021030
2002.4,5.6,5.6,5.9,5.7,5.8,6,6,6,5.9,5.8,5.7,5.6,5.4,#N/A,20021204
2003.1,5.6,5.9,5.7,5.9,6.2,6.2,6.2,6.1,6,5.8,5.6,5.4,#N/A,#N/A,20030122
2003.1,5.6,5.9,5.8,5.9,5.8,6.1,6.2,6.1,6,5.9,5.7,5.5,#N/A,#N/A,20030313
2003.2,5.9,5.8,5.9,5.8,6,6.1,6.1,6.1,6,5.9,5.6,#N/A,#N/A,#N/A,20030430
2003.2,5.9,5.8,5.9,5.8,6.1,6.2,6.1,6,5.9,5.7,5.4,#N/A,#N/A,#N/A,20030618
2003.3,5.8,5.9,5.8,6.2,6.3,6.2,6,5.9,5.8,5.5,#N/A,#N/A,#N/A,#N/A,20030806
2003.3,5.8,5.9,5.8,6.2,6.2,6.2,6.1,6,5.9,5.7,5.5,5.4,5.3,5.3,20030910
2003.4,5.9,5.8,6.2,6.1,6.2,6,5.8,5.7,5.4,5.2,5.1,5.1,5.1,#N/A,20031022
2003.4,5.9,5.8,6.2,6.1,6,6,5.8,5.5,5.3,5.2,5.1,5,5,#N/A,20031203
2004.1,5.8,6.1,6.1,5.9,5.8,5.6,5.4,5.3,5.2,5.1,5.1,5,#N/A,#N/A,20040121
2004.1,5.8,6.1,6.1,5.9,5.6,5.6,5.5,5.5,5.4,5.3,5.3,5.2,#N/A,#N/A,20040311
2004.2,6.1,6.1,5.9,5.6,5.6,5.5,5.4,5.3,5.3,5.2,5.2,#N/A,#N/A,#N/A,20040428
2004.2,6.1,6.1,5.9,5.6,5.6,5.4,5.3,5.2,5.2,5.2,5.2,#N/A,#N/A,#N/A,20040623
2004.3,6.1,5.9,5.6,5.6,5.6,5.5,5.4,5.4,5.4,5.3,#N/A,#N/A,#N/A,#N/A,20040805
2004.3,6.1,5.9,5.6,5.6,5.5,5.5,5.4,5.4,5.4,5.3,5.3,5.2,5.2,5.1,20040915
2004.4,5.9,5.6,5.6,5.5,5.5,5.5,5.4,5.4,5.4,5.4,5.3,5.2,5.1,#N/A,20041103
2004.4,5.9,5.6,5.6,5.5,5.4,5.4,5.3,5.3,5.3,5.2,5.2,5.1,5.1,#N/A,20041208
2005.1,5.6,5.6,5.5,5.4,5.4,5.3,5.3,5.3,5.3,5.2,5.2,5.1,#N/A,#N/A,20050126
2005.1,5.6,5.6,5.5,5.4,5.3,5.3,5.3,5.3,5.2,5.2,5.2,5.1,#N/A,#N/A,20050316
2005.2,5.6,5.5,5.4,5.3,5.3,5.3,5.3,5.3,5.3,5.3,5.3,#N/A,#N/A,#N/A,20050428
2005.2,5.6,5.5,5.4,5.3,5.1,5.1,5.1,5.1,5.1,5.1,5.1,#N/A,#N/A,#N/A,20050622
2005.3,5.5,5.4,5.3,5.1,5,5,5,5,5,5,#N/A,#N/A,#N/A,#N/A,20050804
2005.3,#N/A,#N/A,5.3,5.1,5,5,5,5,5,5,5,5,5,5,20050914
2005.4,#N/A,5.3,5.1,5,5,5,5,5,5,5.1,5.1,5.1,5.1,#N/A,20051026
2005.4,#N/A,5.3,5.1,5,5,5,5,5,5,5,5,5,5,#N/A,20051207
2006.1,5.2,5.1,5,5,5,5,5,5,5,5.1,5.1,5.1,#N/A,#N/A,20060125
2006.1,5.2,5.1,5,5,4.8,4.8,4.8,4.8,4.8,4.8,4.9,4.9,#N/A,#N/A,20060322
2006.2,5.1,5,5,4.7,4.7,4.8,4.8,4.9,4.9,4.9,5,#N/A,#N/A,#N/A,20060503
2006.2,5.1,5,5,4.7,4.7,4.8,4.9,5,5.1,5.1,5.2,#N/A,#N/A,#N/A,20060621
2006.3,5,5,4.7,4.7,4.7,4.8,4.9,5,5.1,5.2,#N/A,#N/A,#N/A,#N/A,20060803
2006.3,#N/A,#N/A,4.7,4.7,4.7,4.8,4.9,5,5,5.1,5.1,5.2,5.2,5.2,20060913
2006.4,#N/A,4.7,4.7,4.7,4.7,4.8,5,5,5.1,5.1,5.1,5.1,5.1,#N/A,20061018
2006.4,#N/A,4.7,4.7,4.7,4.5,4.6,4.8,4.9,5,5,5,5.1,5.1,#N/A,20061206
2007.1,4.7,4.7,4.7,4.5,4.6,4.7,4.8,4.8,4.9,4.9,4.9,4.9,#N/A,#N/A,20070124
2007.1,4.7,4.7,4.7,4.5,4.6,4.7,4.8,4.9,4.9,5,5,5.1,#N/A,#N/A,20070314
2007.2,4.7,4.7,4.5,4.5,4.6,4.7,4.8,4.8,4.9,4.9,5,#N/A,#N/A,#N/A,20070502
2007.2,4.7,4.7,4.5,4.5,4.5,4.6,4.7,4.7,4.8,4.8,4.8,#N/A,#N/A,#N/A,20070620
2007.3,4.7,4.5,4.5,4.5,4.6,4.7,4.7,4.8,4.8,4.8,#N/A,#N/A,#N/A,#N/A,20070802
2007.3,#N/A,#N/A,4.5,4.5,4.6,4.7,4.7,4.8,4.9,4.9,4.9,4.9,4.9,4.9,20070912
2007.4,#N/A,4.5,4.5,4.7,4.7,4.7,4.7,4.7,4.8,4.8,4.8,4.8,4.8,#N/A,20071024
2007.4,#N/A,4.5,4.5,4.7,4.7,4.8,4.8,4.9,4.9,4.9,5,5,5,#N/A,20071205
2008.1,4.5,4.5,4.7,4.8,5,5.1,5.1,5.1,5.2,5.2,5.2,5.2,#N/A,#N/A,20080123
2008.1,4.5,4.5,4.7,4.8,4.9,5.2,5.5,5.7,5.7,5.6,5.6,5.5,#N/A,#N/A,20080313
2008.2,4.5,4.7,4.8,4.9,5.2,5.5,5.7,5.7,5.6,5.6,5.5,#N/A,#N/A,#N/A,20080423
2008.2,4.5,4.7,4.8,4.9,5.3,5.5,5.6,5.7,5.7,5.7,5.6,#N/A,#N/A,#N/A,20080618
2008.3,4.7,4.8,4.9,5.3,5.8,5.9,6,6,6,5.9,#N/A,#N/A,#N/A,#N/A,20080730
2008.3,#N/A,#N/A,4.9,5.3,6,6.2,6.2,6.2,6.2,6.2,6.1,6,5.9,5.9,20080910
2008.4,#N/A,4.9,5.3,6,6.3,6.6,6.9,7.1,7.2,7.3,7.3,7.3,7.2,#N/A,20081022
2008.4,#N/A,4.9,5.3,6,6.7,7.5,7.8,8,8.1,8.3,8.3,8.2,8.2,#N/A,20081210
2009.1,4.9,5.4,6,6.9,7.7,8.2,8.3,8.4,8.5,8.4,8.2,8.1,#N/A,#N/A,20090122
2009.1,4.9,5.4,6,6.9,8,8.7,9,9.2,9.4,9.5,9.5,9.5,#N/A,#N/A,20090312
2009.2,5.4,6,6.9,8.1,9,9.2,9.3,9.3,9.2,9.1,9.1,#N/A,#N/A,#N/A,20090422
2009.2,5.4,6,6.9,8.1,9.3,9.8,10,10,9.9,9.8,9.7,#N/A,#N/A,#N/A,20090617
2009.3,6,6.9,8.1,9.2,9.8,10,10,9.9,9.8,9.6,#N/A,#N/A,#N/A,#N/A,20090806
2009.3,#N/A,#N/A,8.1,9.2,9.6,9.9,9.8,9.6,9.4,9.2,8.8,8.5,8.2,7.9,20090916
2009.4,#N/A,8.1,9.2,9.6,10.1,10.1,9.9,9.7,9.5,9.2,8.9,8.6,8.2,#N/A,20091029
2009.4,#N/A,8.1,9.2,9.6,10.1,10.1,9.9,9.8,9.6,9.2,9,8.7,8.3,#N/A,20091209
2010.1,8.2,9.3,9.7,10,10.1,9.9,9.7,9.5,9.1,8.9,8.6,8.2,#N/A,#N/A,20100120
2010.1,8.2,9.3,9.7,10,9.7,9.6,9.6,9.4,9,8.8,8.6,8.3,#N/A,#N/A,20100310
2010.2,9.3,9.7,10,9.7,9.5,9.5,9.3,8.9,8.7,8.5,8.2,#N/A,#N/A,#N/A,20100421
2010.2,9.3,9.7,10,9.7,9.8,9.7,9.5,9.3,9.1,8.9,8.6,#N/A,#N/A,#N/A,20100616
2010.3,9.7,10,9.7,9.7,9.7,9.7,9.5,9.4,9.2,8.9,#N/A,#N/A,#N/A,#N/A,20100804
2010.3,#N/A,#N/A,9.7,9.7,9.6,9.7,9.6,9.5,9.3,9.1,8.9,8.7,8.3,8,20100915
2010.4,#N/A,9.7,9.7,9.6,9.7,9.5,9.5,9.2,9,8.8,8.6,8.2,7.9,#N/A,20101027
2010.4,#N/A,9.7,9.7,9.6,9.7,9.5,9.4,9.1,8.9,8.8,8.6,8.3,8,#N/A,20101208
2011.1,9.7,9.6,9.6,9.6,9.5,9.3,9.1,8.9,8.7,8.4,8.1,7.8,#N/A,#N/A,20110119
2011.1,9.7,9.6,9.6,9.6,9,8.9,8.7,8.6,8.4,8.1,7.8,7.5,#N/A,#N/A,20110309
2011.2,9.6,9.6,9.6,8.9,8.9,8.8,8.7,8.5,8.2,7.9,7.7,#N/A,#N/A,#N/A,20110420
2011.2,9.6,9.6,9.6,8.9,9,9,8.9,8.8,8.6,8.4,8.1,#N/A,#N/A,#N/A,20110615
2011.3,9.6,9.6,8.9,9.1,9.2,9.2,9.1,8.9,8.7,8.5,#N/A,#N/A,#N/A,#N/A,20110803
2011.3,#N/A,#N/A,8.9,9.1,9.1,9.1,9.1,9,8.9,8.7,8.5,8.4,8.3,8.1,20110914
2011.4,#N/A,8.9,9.1,9.1,9.1,9,8.9,8.8,8.6,8.4,8.4,8.3,8.1,#N/A,20111026
2011.4,#N/A,8.9,9.1,9.1,8.8,8.8,8.8,8.7,8.6,8.5,8.4,8.3,8.2,#N/A,20111207
2012.1,9,9.1,9.1,8.7,8.7,8.7,8.6,8.6,8.5,8.4,8.3,8.2,#N/A,#N/A,20120118
2012.1,9,9.1,9.1,8.7,8.4,8.4,8.3,8.2,8.1,8,7.9,7.8,#N/A,#N/A,20120307
2012.2,9.1,9.1,8.7,8.2,8.2,8.1,8,7.9,7.9,7.8,7.7,#N/A,#N/A,#N/A,20120418
2012.2,9.1,9.1,8.7,8.2,8.2,8.2,8.2,8.1,8.1,8,8,#N/A,#N/A,#N/A,20120613
2012.3,9.1,8.7,8.2,8.2,8.3,8.3,8.2,8.2,8.1,8.1,#N/A,#N/A,#N/A,#N/A,20120725
2012.3,9.1,8.7,8.2,8.2,8.3,8.3,8.2,8.2,8.1,8,#N/A,#N/A,#N/A,#N/A,20120905
2012.4,8.7,8.2,8.2,8.1,8,8,8,7.9,7.8,#N/A,#N/A,#N/A,#N/A,#N/A,20121017
2012.4,#N/A,8.2,8.2,8.1,8,7.9,7.9,7.9,7.8,7.7,7.7,7.5,7.4,#N/A,20121205
2013.1,8.2,8.2,8,7.8,7.8,7.7,7.7,7.6,7.5,7.4,7.2,7.1,#N/A,#N/A,20130123
2013.1,8.2,8.2,8,7.8,7.8,7.7,7.6,7.5,7.4,7.3,7.2,7.1,#N/A,#N/A,20130313
2013.2,8.2,8,7.8,7.7,7.6,7.5,7.4,7.3,7.2,7.1,6.9,#N/A,#N/A,#N/A,20130424
2013.2,8.2,8,7.8,7.7,7.5,7.4,7.3,7.1,7,6.8,6.6,#N/A,#N/A,#N/A,20130612
2013.3,8,7.8,7.7,7.5,7.5,7.4,7.2,7.1,6.9,6.8,#N/A,#N/A,#N/A,#N/A,20130724
2013.3,#N/A,#N/A,7.7,7.5,7.3,7.2,7,6.9,6.7,6.6,6.4,6.2,6,5.8,20130911
2013.4,#N/A,7.7,7.5,7.3,7.3,7.1,7,6.8,6.6,6.4,6.2,6.1,5.9,#N/A,20131023
2013.4,#N/A,7.7,7.5,7.3,7.1,6.9,6.8,6.7,6.5,6.3,6.2,6.1,5.9,#N/A,20131212
